City_ID,City,Country,Date,Lat,Lng,Max Temp,Humidity,Cloudiness,Wind Speed
0,Kerrville,US,2020-02-17 15:06:17,30.05,-99.14,64.99,93,90,14.03
1,Lebu,CL,2020-02-17 15:07:23,-37.62,-73.65,66.76,45,7,6.04
2,Hithadhoo,MV,2020-02-17 15:03:07,-0.6,73.08,83.98,74,28,7.49
3,Punta Arenas,CL,2020-02-17 15:07:24,-53.15,-70.92,50.0,66,75,16.11
4,Nadym,RU,2020-02-17 15:07:24,65.53,72.52,6.58,93,38,17.31
5,Sobolevo,RU,2020-02-17 15:07:24,54.43,31.9,39.45,80,100,16.51
6,Rocha,UY,2020-02-17 15:07:24,-34.48,-54.33,85.32,67,60,12.82
7,Georgetown,MY,2020-02-17 15:05:35,5.41,100.34,86.0,66,40,3.36
8,Port Alfred,ZA,2020-02-17 15:07:25,-33.59,26.89,72.0,87,100,1.99
9,Riyadh,SA,2020-02-17 15:06:59,24.69,46.72,82.4,13,5,4.7
10,Presidencia Roque Saenz Pena,AR,2020-02-17 15:07:25,-26.79,-60.44,96.6,43,83,14.38
11,Singaparna,ID,2020-02-17 15:07:25,-7.35,108.11,70.38,93,100,2.8
12,Khatanga,RU,2020-02-17 15:07:26,71.97,102.5,8.73,92,100,14.29
13,Ushuaia,AR,2020-02-17 15:06:31,-54.8,-68.3,51.8,61,40,5.82
14,Charters Towers,AU,2020-02-17 15:07:26,-20.1,146.27,78.28,79,0,11.32
15,Carnarvon,AU,2020-02-17 15:07:26,-24.87,113.63,78.8,88,99,16.11
16,Roma,US,2020-02-17 15:06:06,43.21,-75.46,30.0,63,90,5.82
17,Faya,SA,2020-02-17 15:07:27,18.39,42.45,73.4,40,0,11.41
18,Bluff,NZ,2020-02-17 15:07:27,-46.6,168.33,55.0,96,100,1.01
19,Bredasdorp,ZA,2020-02-17 15:07:27,-34.53,20.04,75.2,44,74,10.29
20,Jumla,NP,2020-02-17 15:07:27,29.27,82.18,34.48,69,5,4.92
21,Hobart,AU,2020-02-17 15:06:43,-42.88,147.33,48.2,81,7,9.6
22,Dikson,RU,2020-02-17 15:07:28,73.51,80.55,3.11,91,100,23.44
23,Hermanus,ZA,2020-02-17 15:07:28,-34.42,19.23,73.0,68,26,8.99
24,Suntar,RU,2020-02-17 15:07:28,62.14,117.63,0.23,94,98,6.6
25,Tasiilaq,GL,2020-02-17 15:07:28,65.61,-37.64,32.0,72,100,12.75
26,Saint George,US,2020-02-17 15:07:29,37.1,-113.58,42.01,74,90,2.13
27,San Cristobal,VE,2020-02-17 15:07:29,7.77,-72.22,87.8,40,40,23.04
28,Mahebourg,MU,2020-02-17 15:07:29,-20.41,57.7,80.6,83,75,11.41
29,Kendari,ID,2020-02-17 15:07:30,-3.94,122.5,74.17,97,100,1.97
30,Tiksi,RU,2020-02-17 15:07:30,71.69,128.87,-7.73,94,100,5.75
31,Byron Bay,AU,2020-02-17 15:07:30,-28.65,153.62,77.0,88,97,6.93
32,Puerto Ayora,EC,2020-02-17 15:07:19,-0.74,-90.35,80.6,78,40,10.29
33,Kruisfontein,ZA,2020-02-17 15:07:30,-34.0,24.73,71.6,70,5,17.9
34,Yar-Sale,RU,2020-02-17 15:07:31,66.83,70.83,6.67,94,68,16.84
35,Jamestown,US,2020-02-17 15:07:31,42.1,-79.24,30.2,92,90,2.62
36,Ridgecrest,US,2020-02-17 15:07:31,35.62,-117.67,52.0,50,1,3.36
37,Kapaa,US,2020-02-17 15:07:31,22.08,-159.32,66.99,59,51,1.99
38,Port Hardy,CA,2020-02-17 15:07:32,50.7,-127.42,32.0,93,40,3.36
39,Mar Del Plata,AR,2020-02-17 15:06:17,-38.0,-57.56,86.0,78,75,18.34
40,Barabai,ID,2020-02-17 15:07:32,-2.58,115.38,73.38,96,100,2.48
41,Busselton,AU,2020-02-17 15:07:32,-33.65,115.33,66.99,26,0,19.82
42,Castro,BR,2020-02-17 15:07:33,-24.79,-50.01,86.11,42,35,4.21
43,Rikitea,PF,2020-02-17 15:07:33,-23.12,-134.97,78.21,82,100,15.26
44,Arraial Do Cabo,BR,2020-02-17 15:07:33,-22.97,-42.03,86.0,66,5,16.11
45,Tuatapere,NZ,2020-02-17 15:07:33,-46.13,167.68,55.0,96,100,1.01
46,Balakirevo,RU,2020-02-17 15:07:34,56.51,38.84,36.54,88,100,18.59
47,Salamiyah,SY,2020-02-17 15:07:34,35.01,37.05,50.77,69,75,7.78
48,Qui Nhon,VN,2020-02-17 15:02:57,13.77,109.23,68.79,93,95,7.14
49,Adrar,MR,2020-02-17 15:07:34,20.5,-10.07,89.15,6,100,13.44
50,Atuona,PF,2020-02-17 15:07:34,-9.8,-139.03,81.01,78,0,20.31
51,Vaini,TO,2020-02-17 15:07:35,-21.2,-175.2,77.0,78,40,12.75
52,Hilo,US,2020-02-17 15:07:35,19.73,-155.09,69.8,77,75,8.05
53,Nikolskoye,RU,2020-02-17 15:07:35,59.7,30.79,42.8,75,75,13.42
54,Luderitz,NA,2020-02-17 15:07:35,-26.65,15.16,64.67,86,0,17.2
55,Palana,RU,2020-02-17 15:07:36,59.12,159.97,-11.45,97,100,3.89
56,Novo Aripuana,BR,2020-02-17 15:07:36,-5.12,-60.38,84.9,82,10,2.66
57,Sulangan,PH,2020-02-17 15:07:36,11.14,123.72,79.66,79,8,21.97
58,Puro,PH,2020-02-17 15:07:36,12.48,123.38,77.04,78,9,13.69
59,Lompoc,US,2020-02-17 15:07:36,34.64,-120.46,55.0,100,90,14.81
60,Arman,RU,2020-02-17 15:07:37,59.7,150.17,3.24,91,0,4.45
61,San Patricio,MX,2020-02-17 15:07:37,19.22,-104.7,75.2,94,75,5.82
62,Champerico,GT,2020-02-17 15:07:37,14.3,-91.92,75.2,60,0,1.1
63,New Norfolk,AU,2020-02-17 15:07:37,-42.78,147.06,48.2,81,0,2.01
64,Vao,NC,2020-02-17 15:07:38,-22.67,167.48,78.91,80,7,16.02
65,Grindavik,IS,2020-02-17 15:07:38,63.84,-22.43,39.2,74,0,18.34
66,Rapid Valley,US,2020-02-17 15:07:38,44.06,-103.15,32.0,86,90,14.99
67,Mocorito,MX,2020-02-17 15:07:38,25.48,-107.92,60.01,94,37,1.61
68,Pamanukan,ID,2020-02-17 15:03:30,-6.28,107.81,77.02,88,98,1.03
69,Ribeira Grande,PT,2020-02-17 15:07:39,38.52,-28.7,59.0,54,40,4.7
70,Vanimo,PG,2020-02-17 15:07:39,-2.67,141.3,82.31,79,95,11.97
71,Esperance,AU,2020-02-17 15:07:39,-33.87,121.9,60.8,72,90,10.29
72,Anta,IN,2020-02-17 15:07:40,25.15,76.3,70.2,16,0,4.47
73,Vestmanna,FO,2020-02-17 15:07:40,62.16,-7.17,41.0,80,66,9.17
74,Tuktoyaktuk,CA,2020-02-17 15:07:40,69.45,-133.04,-22.0,74,40,11.41
75,Huarmey,PE,2020-02-17 15:07:40,-10.07,-78.15,80.04,59,0,6.89
76,Qaanaaq,GL,2020-02-17 15:07:41,77.48,-69.36,-7.06,64,53,2.66
77,Lata,PT,2020-02-17 15:07:41,40.16,-8.33,61.0,68,100,11.01
78,Goderich,CA,2020-02-17 15:07:41,43.75,-81.72,26.01,70,27,7.36
79,Belaya Gora,RU,2020-02-17 15:07:41,68.53,146.42,-10.05,84,77,3.11
80,Saskylakh,RU,2020-02-17 15:07:42,71.92,114.08,4.66,93,100,11.45
81,Atar,MR,2020-02-17 15:07:42,20.52,-13.05,90.3,7,100,13.85
82,Nome,US,2020-02-17 15:07:42,64.5,-165.41,19.4,73,20,17.22
83,Albany,US,2020-02-17 15:05:02,42.6,-73.97,36.0,55,75,6.93
84,Demba,CD,2020-02-17 15:07:43,-5.51,22.27,71.78,95,100,2.68
85,West Helena,US,2020-02-17 15:07:43,34.55,-90.64,53.01,100,1,10.83
86,Krasnoselkup,RU,2020-02-17 15:07:43,65.7,82.47,9.9,94,89,13.31
87,Katsuura,JP,2020-02-17 15:07:43,35.13,140.3,48.2,57,20,14.99
88,Ngunguru,NZ,2020-02-17 15:07:44,-35.62,174.5,64.99,96,0,3.0
89,Matagami,CA,2020-02-17 15:07:44,49.75,-77.63,-11.2,83,1,4.7
90,Meulaboh,ID,2020-02-17 15:07:44,4.14,96.13,84.04,68,95,1.72
91,Meybod,IR,2020-02-17 15:07:44,32.25,54.02,55.4,19,20,4.7
92,Ancud,CL,2020-02-17 15:07:44,-41.87,-73.82,57.2,67,40,2.24
93,Kodiak,US,2020-02-17 15:07:45,57.79,-152.41,39.2,86,90,9.17
94,Makasar,ID,2020-02-17 15:07:45,-5.14,119.42,75.2,100,40,4.7
95,Nouadhibou,MR,2020-02-17 15:07:45,20.93,-17.03,78.8,34,90,12.75
96,Cape Town,ZA,2020-02-17 15:03:49,-33.93,18.42,75.0,53,20,24.16
97,Talnakh,RU,2020-02-17 15:07:45,69.49,88.4,8.6,84,75,24.61
98,Braganca,BR,2020-02-17 15:07:46,-1.05,-46.77,80.92,90,20,7.38
99,Pangnirtung,CA,2020-02-17 15:07:46,66.15,-65.71,-23.8,67,90,2.71
100,Kahului,US,2020-02-17 15:07:46,20.89,-156.47,71.6,73,40,11.41
101,Oktyabrskoye,RU,2020-02-17 15:07:47,43.06,44.74,33.8,86,75,13.42
102,Chuy,UY,2020-02-17 15:07:47,-33.7,-53.46,83.41,69,100,8.57
103,Charapan,MX,2020-02-17 15:07:47,19.67,-102.23,55.99,93,5,1.34
104,Vila Franca Do Campo,PT,2020-02-17 15:07:47,37.72,-25.43,59.0,62,20,11.41
105,Pisco,PE,2020-02-17 15:07:48,-13.7,-76.22,77.0,30,14,6.93
106,Johnstown,US,2020-02-17 15:04:39,40.33,-78.92,39.0,66,1,0.16
107,Bengkulu,ID,2020-02-17 15:07:48,-3.8,102.27,75.15,86,91,2.98
108,Avarua,CK,2020-02-17 15:07:48,-21.21,-159.78,80.6,88,100,11.41
109,Portland,US,2020-02-17 15:05:02,45.52,-122.68,39.2,100,90,2.82
110,Barrow,US,2020-02-17 15:07:49,71.29,-156.79,-34.6,89,1,6.93
111,Tabou,CI,2020-02-17 15:07:49,4.42,-7.35,88.5,59,0,8.32
112,Lodja,CD,2020-02-17 15:07:49,-3.48,23.43,81.19,70,78,3.85
113,Iqaluit,CA,2020-02-17 15:07:49,63.75,-68.51,-27.4,67,20,7.74
114,Agirish,RU,2020-02-17 15:07:50,61.92,63.02,19.69,87,97,14.83
115,Kandrian,PG,2020-02-17 15:07:50,-6.22,149.55,77.68,88,100,8.21
116,Tingi,TZ,2020-02-17 15:07:50,-11.3,35.03,73.36,88,100,2.13
117,Faanui,PF,2020-02-17 15:07:51,-16.48,-151.75,81.32,78,100,14.81
118,Kyaikto,MM,2020-02-17 15:07:51,17.3,97.02,68.59,56,0,2.04
119,Toora-Khem,RU,2020-02-17 15:07:51,52.47,96.11,0.77,90,67,0.34
120,Sovetskiy,RU,2020-02-17 15:07:52,61.36,63.58,19.13,91,100,12.55
121,Souillac,MU,2020-02-17 15:07:52,-20.52,57.52,80.6,83,75,11.41
122,Ponta Do Sol,PT,2020-02-17 15:07:52,32.67,-17.1,68.0,64,20,14.99
123,Flinders,AU,2020-02-17 15:07:52,-34.58,150.86,71.01,100,90,5.59
124,Masuguru,TZ,2020-02-17 15:07:52,-11.37,38.42,85.6,77,29,2.86
125,Vredendal,ZA,2020-02-17 15:07:53,-31.67,18.5,77.74,50,0,19.89
126,Ca Mau,VN,2020-02-17 15:05:05,9.18,105.15,78.84,75,11,10.25
127,Norrtalje,SE,2020-02-17 15:07:53,59.76,18.7,45.0,68,75,25.28
128,Butaritari,KI,2020-02-17 15:07:54,3.07,172.79,82.98,79,6,11.97
129,Mataura,NZ,2020-02-17 15:07:54,-46.19,168.86,55.0,96,100,1.01
130,Airai,TL,2020-02-17 15:07:54,-8.93,125.41,69.3,98,100,0.47
131,Ahuimanu,US,2020-02-17 15:07:54,21.44,-157.84,73.4,88,75,4.7
132,Bethel,US,2020-02-17 15:07:54,41.37,-73.41,44.01,64,1,3.36
133,Grand Gaube,MU,2020-02-17 15:07:55,-20.01,57.66,80.6,83,75,11.41
134,Maragogi,BR,2020-02-17 15:07:55,-9.01,-35.22,82.06,79,99,11.1
135,Alice Springs,AU,2020-02-17 15:07:27,-23.7,133.88,80.6,19,0,4.7
136,Homer,US,2020-02-17 15:07:55,59.64,-151.55,39.2,92,90,6.93
137,Inhambane,MZ,2020-02-17 15:07:56,-23.86,35.38,83.21,70,0,10.2
138,Sept-Iles,CA,2020-02-17 15:05:51,50.2,-66.38,12.2,43,20,16.11
139,Dingle,PH,2020-02-17 15:07:56,11.0,122.67,72.57,87,5,10.63
140,Touros,BR,2020-02-17 15:07:56,-5.2,-35.46,84.2,74,75,10.29
141,Boguchany,RU,2020-02-17 15:07:57,58.38,97.45,4.93,96,48,1.66
142,Clyde River,CA,2020-02-17 15:07:57,70.47,-68.59,-25.6,74,75,3.36
143,Cherskiy,RU,2020-02-17 15:07:57,68.75,161.3,-19.62,93,100,6.93
144,Chokurdakh,RU,2020-02-17 15:07:57,70.63,147.92,-2.54,97,93,7.83
145,Coxim,BR,2020-02-17 15:07:58,-18.51,-54.76,88.0,64,17,6.67
146,Rabo De Peixe,PT,2020-02-17 15:07:58,37.8,-25.58,59.0,62,20,11.41
147,Killybegs,IE,2020-02-17 15:07:59,54.63,-8.45,42.8,70,40,24.16
148,Kununurra,AU,2020-02-17 15:07:59,-15.77,128.73,86.0,79,100,6.93
149,Guerrero Negro,MX,2020-02-17 15:07:59,27.98,-114.06,60.01,77,100,12.48
150,Upernavik,GL,2020-02-17 15:07:59,72.79,-56.15,1.89,87,100,1.63
151,Tiznit,MA,2020-02-17 15:07:59,29.58,-9.5,76.68,15,46,11.99
152,Cidreira,BR,2020-02-17 15:08:00,-30.18,-50.21,77.0,86,56,18.23
153,Edd,ER,2020-02-17 15:08:00,13.93,41.69,92.91,32,0,20.51
154,Atambua,ID,2020-02-17 15:08:00,-9.11,124.89,76.37,90,100,2.26
155,Namatanai,PG,2020-02-17 15:08:00,-3.67,152.43,82.87,79,70,15.93
156,Yatou,CN,2020-02-17 15:05:04,37.15,122.38,29.75,65,8,16.78
157,Salalah,OM,2020-02-17 15:08:01,17.02,54.09,77.0,57,0,5.82
158,Vila Velha,BR,2020-02-17 15:08:01,-20.33,-40.29,87.01,66,20,11.41
159,Norman Wells,CA,2020-02-17 15:08:01,65.28,-126.83,-27.4,67,5,10.29
160,East London,ZA,2020-02-17 15:08:01,-33.02,27.91,71.6,78,100,21.92
161,Krasnyy Tkach,RU,2020-02-17 15:08:02,55.47,39.08,42.8,60,100,15.66
162,Zabol,AF,2020-02-17 15:08:02,32.25,67.25,24.33,35,31,3.38
163,Narsaq,GL,2020-02-17 15:03:04,60.92,-46.05,12.2,47,75,6.93
164,Port Blair,IN,2020-02-17 15:08:02,11.67,92.75,79.18,62,100,10.78
165,Macara,EC,2020-02-17 15:08:03,-4.38,-79.95,82.54,52,8,5.39
166,Batticaloa,LK,2020-02-17 15:08:03,7.71,81.69,70.81,87,58,3.22
167,Karasburg,NA,2020-02-17 15:08:03,-28.02,18.75,85.48,34,47,7.63
168,La Union,PE,2020-02-17 15:08:03,-5.4,-80.75,82.35,53,0,5.06
169,Kibala,TD,2020-02-17 15:08:03,9.11,18.35,105.8,9,70,4.7
170,Yuncheng,CN,2020-02-17 15:08:04,35.02,110.99,34.7,29,0,2.08
171,Fortuna,US,2020-02-17 15:08:04,40.6,-124.16,46.0,93,20,2.89
172,Olafsvik,IS,2020-02-17 15:08:05,64.89,-23.71,34.05,78,43,23.49
173,Berdigestyakh,RU,2020-02-17 15:08:05,62.1,126.7,0.75,97,95,2.08
174,Malanville,BJ,2020-02-17 15:08:05,11.87,3.39,98.85,4,20,8.52
175,Westport,US,2020-02-17 15:05:02,41.14,-73.36,44.01,60,1,6.93
176,Sembe,CG,2020-02-17 15:08:06,1.65,14.58,93.74,30,100,2.86
177,Santa Isabel Do Rio Negro,BR,2020-02-17 15:08:06,-0.41,-65.02,87.31,61,61,4.88
178,Kaitangata,NZ,2020-02-17 15:08:07,-46.28,169.85,57.0,94,100,1.99
179,Pevek,RU,2020-02-17 15:08:07,69.7,170.31,-20.31,99,100,6.58
180,Toucheng,TW,2020-02-17 15:08:07,24.86,121.82,50.0,66,40,5.82
181,Kovdor,RU,2020-02-17 15:08:07,67.57,30.48,28.36,81,100,17.49
182,Rota,ES,2020-02-17 15:08:08,36.62,-6.36,68.0,68,0,5.82
183,Fukue,JP,2020-02-17 15:08:08,32.69,128.84,37.4,55,75,25.28
184,Chimbote,PE,2020-02-17 15:08:08,-9.09,-78.58,80.65,60,7,7.34
185,Vardo,NO,2020-02-17 15:08:09,70.37,31.11,32.0,86,75,23.04
186,Swidnica,PL,2020-02-17 15:08:09,50.84,16.49,54.0,53,20,5.82
187,Nioro,GM,2020-02-17 15:08:09,13.35,-15.75,106.75,6,52,13.22
188,Zadar,HR,2020-02-17 15:08:09,44.12,15.24,57.99,67,20,5.82
189,Malaya Purga,RU,2020-02-17 15:08:10,56.56,53.0,28.0,90,100,5.01
190,Golden,US,2020-02-17 15:03:45,39.76,-105.22,33.01,85,1,2.3
191,Ban Nahin,LA,2020-02-17 15:08:10,18.24,104.21,63.18,55,8,6.85
192,Laguna,US,2020-02-17 15:08:10,38.42,-121.42,54.0,100,1,8.05
193,Shache,CN,2020-02-17 15:08:10,38.42,77.24,34.56,33,0,3.76
194,Palmerston,AU,2020-02-17 15:08:11,-12.49,130.98,82.0,78,75,9.17
195,The Valley,AI,2020-02-17 15:05:44,18.22,-63.06,81.0,69,40,16.11
196,Lagoa,PT,2020-02-17 15:08:11,39.05,-27.98,55.85,57,88,6.96
197,Tessalit,ML,2020-02-17 15:08:11,20.2,1.01,89.53,8,76,13.04
198,Haines Junction,CA,2020-02-17 15:08:12,60.75,-137.51,-2.67,97,100,4.92
199,Klaksvik,FO,2020-02-17 15:08:12,62.23,-6.59,41.0,80,60,9.17
200,Batagay,RU,2020-02-17 15:08:12,67.63,134.63,-7.62,99,100,0.98
201,Victoria,HK,2020-02-17 15:05:51,22.29,114.16,60.8,33,0,11.41
202,Dunedin,NZ,2020-02-17 15:08:13,-45.87,170.5,57.0,91,74,1.01
203,Shenzhen,CN,2020-02-17 15:08:13,22.55,114.07,60.8,33,0,11.41
204,Lavrentiya,RU,2020-02-17 15:08:13,65.58,-171.0,-4.5,86,100,12.33
205,Alofi,NU,2020-02-17 15:08:13,-19.06,-169.92,79.95,85,62,16.58
206,Buin,CL,2020-02-17 15:08:14,-33.73,-70.75,70.0,52,20,4.7
207,Asyut,EG,2020-02-17 15:08:14,27.18,31.18,69.8,49,40,11.41
208,Bubaque,GW,2020-02-17 15:08:14,11.28,-15.83,79.65,65,27,10.51
209,Toro,CO,2020-02-17 15:08:14,4.61,-76.08,77.0,73,20,1.68
210,Monrovia,LR,2020-02-17 15:05:56,6.3,-10.8,95.0,50,75,11.41
211,Sungaipenuh,ID,2020-02-17 15:08:15,-2.08,101.38,65.07,99,100,1.5
212,Vostok,RU,2020-02-17 15:08:15,46.49,135.88,8.8,97,100,2.82
213,Leningradskiy,RU,2020-02-17 15:08:16,69.38,178.42,-20.13,86,29,3.15
214,Senador Guiomard,BR,2020-02-17 15:08:16,-10.15,-67.74,80.6,94,75,4.7
215,Mehriz,IR,2020-02-17 15:07:05,31.59,54.43,55.4,19,20,4.7
216,Ipoti,NG,2020-02-17 15:08:16,7.87,5.08,101.19,8,33,4.61
217,Tarves,GB,2020-02-17 15:08:16,57.37,-2.22,50.0,57,10,23.04
218,Sorland,NO,2020-02-17 15:08:17,67.67,12.69,41.0,75,20,18.34
219,Baruun-Urt,MN,2020-02-17 15:08:17,46.68,113.28,9.14,77,82,1.01
220,Margate,GB,2020-02-17 15:08:17,51.38,1.39,51.01,71,40,16.11
221,Pochutla,MX,2020-02-17 15:08:17,15.74,-96.47,77.0,57,5,9.91
222,Fort Nelson,CA,2020-02-17 15:08:17,58.81,-122.7,-31.0,73,5,3.36
223,Thanh Hoa,VN,2020-02-17 15:08:18,19.8,105.77,62.58,62,100,5.08
224,Te Anau,NZ,2020-02-17 15:08:18,-45.42,167.72,56.37,98,100,1.68
225,Antalaha,MG,2020-02-17 15:08:18,-14.9,50.28,83.57,77,50,11.39
226,Borova,UA,2020-02-17 15:08:18,50.18,30.1,46.4,65,90,8.95
227,Mangrol,IN,2020-02-17 15:08:18,21.12,70.12,78.03,73,0,7.63
228,Thompson,CA,2020-02-17 15:08:19,55.74,-97.86,-18.4,82,40,5.82
229,Sibolga,ID,2020-02-17 15:08:19,1.74,98.78,72.97,97,100,1.66
230,Longyearbyen,SJ,2020-02-17 15:07:06,78.22,15.64,10.4,66,40,3.36
231,Xuddur,SO,2020-02-17 15:08:19,4.12,43.89,93.24,25,41,13.0
232,Morro Bay,US,2020-02-17 15:08:20,35.37,-120.85,57.99,87,1,6.26
233,Poum,NC,2020-02-17 15:08:20,-20.23,164.02,80.83,80,2,19.6
234,Waddan,LY,2020-02-17 15:08:20,29.16,16.14,62.71,30,0,9.82
235,Port Hedland,AU,2020-02-17 15:08:20,-20.32,118.57,82.4,88,40,14.99
236,Sola,VU,2020-02-17 15:08:20,-13.88,167.55,82.4,80,75,14.38
237,Namibe,AO,2020-02-17 15:08:21,-15.2,12.15,84.2,62,20,9.17
238,Ikskile,LV,2020-02-17 15:08:21,56.83,24.5,44.6,70,75,18.34
239,Carutapera,BR,2020-02-17 15:08:21,-1.2,-46.02,81.5,80,16,16.62
240,Port Elizabeth,ZA,2020-02-17 15:08:21,-33.92,25.57,73.4,78,75,12.75
241,Verkhnyaya Inta,RU,2020-02-17 15:08:22,65.98,60.31,16.47,78,100,13.69
242,Salur,IN,2020-02-17 15:08:22,18.53,83.22,70.36,65,0,1.39
243,Port Lincoln,AU,2020-02-17 15:06:13,-34.73,135.87,64.53,81,0,16.75
244,Nelson Bay,AU,2020-02-17 15:08:22,-32.72,152.15,70.0,100,56,2.13
245,Zhanakorgan,KZ,2020-02-17 15:08:23,43.91,67.25,26.42,76,0,11.48
246,Pecos,US,2020-02-17 15:08:23,31.42,-103.49,53.6,37,1,4.7
247,Hamilton,US,2020-02-17 15:04:25,39.18,-84.53,39.0,80,40,4.7
248,Salta,AR,2020-02-17 15:08:23,-24.79,-65.41,82.4,69,75,4.7
249,Quatre Cocos,MU,2020-02-17 15:08:24,-20.21,57.76,80.6,83,75,11.41
250,Inverell,AU,2020-02-17 15:08:24,-29.78,151.12,66.99,92,100,3.11
251,San Rafael,AR,2020-02-17 15:04:43,-34.62,-68.33,76.33,39,0,19.42
252,Dalbandin,PK,2020-02-17 15:08:24,28.89,64.41,61.95,23,92,6.4
253,Waingapu,ID,2020-02-17 15:08:25,-9.66,120.26,84.79,72,100,7.16
254,Ponta Delgada,PT,2020-02-17 15:05:42,37.73,-25.67,59.0,62,20,11.41
255,Kirakira,SB,2020-02-17 15:08:25,-10.45,161.92,77.29,88,98,4.79
256,Camacha,PT,2020-02-17 15:08:25,33.08,-16.33,68.0,68,40,9.17
257,Doha,QA,2020-02-17 15:08:26,25.29,51.53,75.2,77,100,5.82
258,Anadyr,RU,2020-02-17 15:08:26,64.75,177.48,-13.0,69,100,11.18
259,Severo-Kurilsk,RU,2020-02-17 15:08:26,50.68,156.12,12.09,92,91,11.63
260,Parana,AR,2020-02-17 15:08:27,-31.73,-60.52,84.99,65,100,11.99
261,Geraldton,AU,2020-02-17 15:08:27,-28.77,114.6,73.4,78,62,14.99
262,Padang,ID,2020-02-17 15:08:27,-0.95,100.35,69.71,97,100,2.33
263,Wanaka,NZ,2020-02-17 15:08:27,-44.7,169.15,52.27,96,100,5.26
264,Provideniya,RU,2020-02-17 15:08:27,64.38,-173.3,-1.91,93,97,16.58
265,Wasilla,US,2020-02-17 15:08:28,61.58,-149.44,17.6,85,90,1.34
266,Petit Goave,HT,2020-02-17 15:08:28,18.43,-72.87,84.2,58,20,14.99
267,Havelock,US,2020-02-17 15:08:28,34.88,-76.9,55.0,81,90,10.29
268,Puntarenas,CR,2020-02-17 15:08:28,9.98,-84.84,73.4,60,0,17.22
269,Vaitape,PF,2020-02-17 15:08:28,-16.52,-151.75,81.32,78,100,14.81
270,Nanortalik,GL,2020-02-17 15:08:29,60.14,-45.24,21.92,56,99,13.96
271,Kichera,RU,2020-02-17 15:08:29,55.94,110.1,2.61,96,100,1.99
272,Tuensang,IN,2020-02-17 15:08:29,26.28,94.83,53.42,93,6,3.31
273,Port Macquarie,AU,2020-02-17 15:08:29,-31.43,152.92,68.0,100,90,11.59
274,Mikumi,TZ,2020-02-17 15:08:29,-7.4,36.98,79.43,86,99,3.89
275,Rawson,AR,2020-02-17 15:04:17,-43.3,-65.1,61.77,56,100,16.51
276,Siniscola,IT,2020-02-17 15:08:30,40.57,9.69,61.38,55,57,3.69
277,Oussouye,SN,2020-02-17 15:08:30,12.48,-16.55,106.54,7,5,9.51
278,Tura,IN,2020-02-17 15:08:31,25.52,90.22,71.47,52,63,3.09
279,Svetlyy,RU,2020-02-17 15:08:31,54.67,20.13,48.2,61,40,13.42
280,Ocos,GT,2020-02-17 15:08:31,14.51,-92.19,75.2,60,0,1.1
281,Yellowknife,CA,2020-02-17 15:08:31,62.46,-114.35,-31.0,73,5,11.41
282,Kamenka,RU,2020-02-17 15:08:31,51.32,42.77,35.01,77,100,10.0
283,Petauke,ZM,2020-02-17 15:08:32,-14.24,31.33,79.21,86,33,3.13
284,Fairbanks,US,2020-02-17 15:05:01,64.84,-147.72,-5.01,75,1,1.39
285,Saint-Philippe,RE,2020-02-17 15:08:32,-21.36,55.77,80.6,74,75,18.34
286,Saint-Pierre,RE,2020-02-17 15:08:32,-21.34,55.48,80.6,74,75,18.34
287,Pemangkat,ID,2020-02-17 15:08:33,1.17,108.97,74.86,85,100,6.69
288,Hasaki,JP,2020-02-17 15:08:33,35.73,140.83,44.6,87,20,10.29
289,Gizo,SB,2020-02-17 15:08:33,-8.1,156.84,77.38,86,100,10.76
290,Ilulissat,GL,2020-02-17 15:08:33,69.22,-51.1,8.6,65,75,12.75
291,Port-Gentil,GA,2020-02-17 15:08:33,-0.72,8.78,82.4,88,75,12.75
292,Marrakesh,MA,2020-02-17 15:06:28,31.63,-8.01,82.4,18,0,5.82
293,Deputatskiy,RU,2020-02-17 15:08:34,69.3,139.9,-4.94,95,91,3.4
294,Peace River,CA,2020-02-17 15:04:02,56.25,-117.29,-14.01,67,20,2.24
295,Calama,CL,2020-02-17 15:08:34,-22.47,-68.93,71.6,40,0,8.05
296,Port Hueneme,US,2020-02-17 15:06:22,34.15,-119.2,51.01,93,40,3.36
297,Baykit,RU,2020-02-17 15:08:35,61.67,96.37,0.72,99,94,0.87
298,Lamar,US,2020-02-17 15:08:36,33.67,-95.58,64.99,87,90,13.87
299,Dawei,MM,2020-02-17 15:08:36,14.08,98.2,77.99,69,100,7.47
300,Marsh Harbour,BS,2020-02-17 15:05:13,26.54,-77.06,75.18,80,16,10.49
301,Celestun,MX,2020-02-17 15:08:36,20.87,-90.4,74.26,80,0,11.86
302,Jinan,CN,2020-02-17 15:03:40,36.67,117.0,39.99,33,0,1.99
303,Tacuarembo,UY,2020-02-17 15:08:37,-31.73,-55.98,81.46,73,100,14.56
304,Olinda,BR,2020-02-17 15:08:37,-8.01,-34.86,87.8,66,40,10.29
305,Isangel,VU,2020-02-17 15:08:37,-19.55,169.27,78.33,82,19,17.25
306,Keuruu,FI,2020-02-17 15:08:37,62.27,24.7,39.2,86,90,12.75
307,Vestmannaeyjar,IS,2020-02-17 15:08:38,63.44,-20.27,39.2,66,20,5.82
308,Ararat,AM,2020-02-17 15:08:38,39.83,44.7,35.6,80,75,5.01
309,Hay River,CA,2020-02-17 15:08:38,60.82,-115.8,-27.4,74,20,5.82
310,Eyl,SO,2020-02-17 15:08:38,7.98,49.82,77.22,77,0,20.27
311,Kalispell,US,2020-02-17 15:08:39,48.2,-114.31,28.99,86,90,2.62
312,Salina Cruz,MX,2020-02-17 15:08:39,16.17,-95.2,79.7,68,0,30.94
313,Perevolotskiy,RU,2020-02-17 15:08:39,51.88,54.19,19.13,95,100,13.69
314,Jhabua,IN,2020-02-17 15:08:39,22.77,74.6,74.55,14,0,5.86
315,Tual,ID,2020-02-17 15:08:39,-5.67,132.75,83.59,80,41,15.93
316,Calabozo,VE,2020-02-17 15:08:40,8.92,-67.43,89.37,44,67,10.22
317,Yining,CN,2020-02-17 15:08:40,29.04,114.56,37.17,72,0,0.81
318,Bereda,ES,2020-02-17 15:08:40,43.27,-7.54,55.0,66,75,12.75
319,Chicomuselo,MX,2020-02-17 15:08:40,15.77,-92.27,73.78,59,0,4.03
320,Bathsheba,BB,2020-02-17 15:08:40,13.22,-59.52,84.2,66,40,24.16
321,Canutama,BR,2020-02-17 15:08:41,-6.53,-64.38,92.48,54,0,2.13
322,Caravelas,BR,2020-02-17 15:07:31,-17.71,-39.25,81.7,66,100,4.16
323,Sisimiut,GL,2020-02-17 15:08:41,66.94,-53.67,2.16,69,100,8.23
324,Katherine,AU,2020-02-17 15:08:41,-14.47,132.27,86.0,70,100,5.82
325,Zaton,RU,2020-02-17 15:08:42,53.29,83.81,23.0,85,75,8.95
326,Ostrovnoy,RU,2020-02-17 15:08:42,68.05,39.51,32.95,90,92,27.67
327,Kazerun,IR,2020-02-17 15:08:42,29.62,51.65,60.69,53,100,2.28
328,Jega,NG,2020-02-17 15:08:42,12.22,4.38,98.1,5,45,8.39
329,Lewiston,US,2020-02-17 15:08:43,44.1,-70.21,37.99,92,20,7.54
330,Muisne,EC,2020-02-17 15:08:43,0.6,-80.03,78.8,100,75,4.7
331,Sao Felix Do Xingu,BR,2020-02-17 15:08:43,-6.64,-51.99,84.22,70,96,3.38
332,Bilibino,RU,2020-02-17 15:08:43,68.05,166.44,-28.68,100,4,1.07
333,Sioux Lookout,CA,2020-02-17 15:08:43,50.1,-91.92,5.0,60,90,9.17
334,Naze,JP,2020-02-17 15:08:44,28.37,129.48,53.6,54,90,32.21
335,Dunmore East,IE,2020-02-17 15:08:44,52.15,-6.99,46.99,65,40,14.99
336,Khovu-Aksy,RU,2020-02-17 15:08:44,51.13,93.6,0.46,68,66,5.84
337,Madimba,TZ,2020-02-17 15:08:44,-10.4,40.33,86.0,74,20,11.41
338,Camargo,MX,2020-02-17 15:08:45,27.67,-105.17,63.95,29,37,3.06
339,Yokadouma,CM,2020-02-17 15:08:45,3.52,15.05,95.97,22,84,0.4
340,Lancaster,US,2020-02-17 15:05:10,40.25,-76.25,44.01,60,1,4.7
341,Igarka,RU,2020-02-17 15:08:45,67.47,86.58,10.89,93,100,15.9
342,Ayagoz,KZ,2020-02-17 15:08:45,47.97,80.44,17.8,95,100,3.15
343,Griffith,US,2020-02-17 15:08:46,41.53,-87.42,36.0,69,90,10.11
344,Malanje,AO,2020-02-17 15:08:46,-9.54,16.34,75.2,88,75,6.22
345,Karachev,RU,2020-02-17 15:08:46,53.12,34.99,41.0,65,40,15.66
346,Ganzhou,CN,2020-02-17 15:08:46,28.82,115.43,38.71,65,0,3.62
347,Iquitos,PE,2020-02-17 15:05:18,-3.75,-73.25,42.8,100,40,3.36
348,Port Hawkesbury,CA,2020-02-17 15:08:47,45.62,-61.35,37.0,99,90,4.7
349,Gorontalo,ID,2020-02-17 15:08:47,0.54,123.06,74.03,93,100,4.41
350,Wad Madani,SD,2020-02-17 15:08:47,14.4,33.52,94.42,11,40,11.83
351,Jardim,BR,2020-02-17 15:08:48,-21.48,-56.14,91.2,55,40,10.09
352,Derzhavinsk,KZ,2020-02-17 15:08:48,51.1,66.32,0.43,97,76,6.91
353,Babai,IN,2020-02-17 15:08:48,22.7,77.93,68.32,16,0,3.13
354,Bambous Virieux,MU,2020-02-17 15:08:49,-20.34,57.76,80.6,83,75,11.41
355,Puerto Escondido,MX,2020-02-17 15:08:49,15.85,-97.07,77.0,88,40,5.82
356,Chifeng,CN,2020-02-17 15:08:49,42.27,118.96,17.65,65,0,7.45
357,Yomou,GN,2020-02-17 15:08:49,7.56,-9.27,102.65,17,0,1.97
358,Buraydah,SA,2020-02-17 15:08:50,26.33,43.98,78.8,54,75,8.05
359,Saquarema,BR,2020-02-17 15:08:50,-22.92,-42.51,86.0,66,20,16.11
360,Thinadhoo,MV,2020-02-17 15:08:50,0.53,72.93,83.59,74,4,8.9
361,Porto Novo,BJ,2020-02-17 15:08:50,6.5,2.6,89.6,70,38,11.41
362,Soe,ID,2020-02-17 15:08:50,-9.86,124.28,75.97,91,100,5.21
363,Viedma,AR,2020-02-17 15:05:26,-40.81,-63.0,77.23,32,86,12.95
364,Ahipara,NZ,2020-02-17 15:08:51,-35.17,173.17,68.0,100,0,8.21
365,Murray Bridge,AU,2020-02-17 15:08:51,-35.12,139.27,69.01,95,53,7.0
366,Mehamn,NO,2020-02-17 15:08:51,71.04,27.85,33.8,89,90,20.8
367,Hinganghat,IN,2020-02-17 15:08:51,20.57,78.83,71.6,37,0,3.36
368,Ilo,PE,2020-02-17 15:08:52,-17.64,-71.34,75.2,69,40,11.41
369,Kampot,KH,2020-02-17 15:08:52,10.62,104.18,82.4,74,40,9.17
370,Tilichiki,RU,2020-02-17 15:08:52,60.47,166.1,-17.66,89,50,7.61
371,Avera,US,2020-02-17 15:08:52,33.19,-82.53,53.6,100,90,3.36
372,Sao Filipe,CV,2020-02-17 15:08:52,14.9,-24.5,72.63,71,0,19.77
373,Lencois Paulista,BR,2020-02-17 15:08:53,-22.6,-48.8,87.8,70,20,6.93
374,Dunkwa,GH,2020-02-17 15:08:53,5.97,-1.78,100.08,26,29,4.36
375,Havre-Saint-Pierre,CA,2020-02-17 15:08:53,50.23,-63.6,17.6,67,40,10.29
376,Eureka,US,2020-02-17 15:07:11,40.8,-124.16,46.0,100,90,5.82
377,Winneba,GH,2020-02-17 15:08:54,5.35,-0.62,87.8,70,86,14.99
378,Moengo,SR,2020-02-17 15:08:54,5.62,-54.4,84.42,59,80,6.49
379,Marawi,PH,2020-02-17 15:08:54,8.0,124.29,77.0,90,87,1.99
380,Pakdasht,IR,2020-02-17 15:08:54,35.48,51.68,48.2,36,40,6.93
381,Kysyl-Syr,RU,2020-02-17 15:08:55,63.9,122.76,-11.72,98,92,2.98
382,Port Said,EG,2020-02-17 15:08:55,31.26,32.28,60.8,72,40,6.93
383,Khorixas,NA,2020-02-17 15:08:55,-20.37,14.97,84.2,26,100,16.69
384,Multan,PK,2020-02-17 15:07:04,30.2,71.48,73.4,43,40,6.35
385,Beloha,MG,2020-02-17 15:08:55,-25.17,45.05,91.13,44,45,10.78
386,Hofn,IS,2020-02-17 15:08:56,64.25,-15.21,37.4,59,20,24.16
387,Morgan City,US,2020-02-17 15:08:56,29.7,-91.21,60.8,100,90,6.93
388,Bradley,US,2020-02-17 15:08:56,35.15,-84.87,50.0,93,1,2.62
389,Nuuk,GL,2020-02-17 15:08:56,64.18,-51.72,14.0,66,20,17.22
390,Sorong,ID,2020-02-17 15:08:56,-0.88,131.25,75.63,96,100,5.21
391,Mackay,AU,2020-02-17 15:08:57,-21.15,149.2,80.6,88,40,2.24
392,Luganville,VU,2020-02-17 15:08:57,-15.53,167.17,73.74,96,88,2.3
393,Agvali,RU,2020-02-17 15:08:57,42.54,46.12,15.87,85,0,7.49
394,Asau,RO,2020-02-17 15:08:57,46.43,26.4,55.4,50,74,17.22
395,Aklavik,CA,2020-02-17 15:08:58,68.22,-135.01,-18.4,61,5,12.75
396,Saldanha,ZA,2020-02-17 15:08:58,-33.01,17.94,78.8,47,0,21.92
397,Mbarara,UG,2020-02-17 15:08:58,-0.61,30.65,80.46,49,31,5.88
398,Lanxi,CN,2020-02-17 15:08:58,29.22,119.48,35.8,68,0,4.07
399,Codrington,AU,2020-02-17 15:08:59,-38.27,141.97,63.39,88,0,2.33
400,Bogdanovich,RU,2020-02-17 15:08:59,56.78,62.05,17.47,86,0,9.73
401,Oranjemund,NA,2020-02-17 15:08:59,-28.55,16.43,73.0,52,0,18.05
402,Susanville,US,2020-02-17 15:07:26,40.42,-120.65,23.0,79,1,4.7
403,Nieuw Amsterdam,SR,2020-02-17 15:09:00,5.88,-55.08,87.01,62,75,10.29
404,Negombo,LK,2020-02-17 15:09:00,7.21,79.84,86.0,58,31,13.87
405,Ketchikan,US,2020-02-17 15:09:00,55.34,-131.65,37.4,86,90,3.36
406,Kawakawa,NZ,2020-02-17 15:09:00,-35.38,174.07,68.0,93,26,1.99
407,Acapulco,MX,2020-02-17 15:06:15,16.86,-99.89,75.2,83,5,4.7
408,Aguimes,ES,2020-02-17 15:09:01,27.91,-15.45,71.6,64,20,27.51
409,Carballo,ES,2020-02-17 15:09:01,43.21,-8.69,55.0,66,75,12.75
410,Coquimbo,CL,2020-02-17 15:09:01,-29.95,-71.34,64.4,77,0,11.41
411,Samandag,TR,2020-02-17 15:09:01,36.08,35.98,60.8,41,20,7.43
412,Dongsheng,CN,2020-02-17 15:09:02,39.82,109.98,24.19,36,0,7.14
413,Point Fortin,TT,2020-02-17 15:09:02,10.18,-61.68,80.6,78,40,11.41
414,Henties Bay,NA,2020-02-17 15:09:02,-22.12,14.28,68.0,83,96,8.01
415,Iguape,BR,2020-02-17 15:09:02,-24.71,-47.56,91.96,47,87,1.86
416,Naryan-Mar,RU,2020-02-17 15:09:02,67.67,53.09,28.13,93,100,30.96
417,Cayenne,GF,2020-02-17 15:07:34,4.93,-52.33,86.0,62,75,14.99
418,Jati,PK,2020-02-17 15:09:03,24.35,68.27,71.22,25,0,4.38
419,Jiwani,PK,2020-02-17 15:09:03,25.05,61.74,74.62,50,44,7.07
420,Cagliari,IT,2020-02-17 15:05:11,39.24,9.09,64.4,72,84,10.29
421,Acarau,BR,2020-02-17 15:04:38,-2.89,-40.12,82.78,82,99,7.67
422,Paamiut,GL,2020-02-17 15:09:04,61.99,-49.67,10.98,56,94,8.75
423,Hervey Bay,AU,2020-02-17 15:09:04,-25.3,152.85,78.01,94,18,6.93
424,Sokolo,ML,2020-02-17 15:09:04,14.73,-6.12,99.32,4,0,10.18
425,Kudahuvadhoo,MV,2020-02-17 15:09:04,2.67,72.89,83.07,79,2,14.72
426,Kharan,PK,2020-02-17 15:08:05,28.58,65.42,63.52,25,33,3.04
427,San Quintin,MX,2020-02-17 15:09:05,30.48,-115.95,56.14,91,100,6.38
428,Vakhrushev,RU,2020-02-17 15:09:05,48.98,142.97,10.81,87,100,5.39
429,Pringsewu,ID,2020-02-17 15:09:05,-5.36,104.97,72.28,95,96,2.35
430,Mount Gambier,AU,2020-02-17 15:09:05,-37.83,140.77,60.8,100,90,5.82
431,Baghdad,IQ,2020-02-17 15:09:06,33.34,44.4,62.6,59,0,12.75
432,Muncar,ID,2020-02-17 15:09:06,-8.43,114.33,75.15,88,100,3.76
433,Portel,BR,2020-02-17 15:09:06,-1.94,-50.82,87.89,59,45,5.19
434,Belyy Yar,RU,2020-02-17 15:09:06,53.6,91.39,8.6,84,100,2.24
435,Phayao,TH,2020-02-17 15:09:06,19.25,100.25,71.06,57,2,4.85
436,Mancio Lima,BR,2020-02-17 15:09:07,-7.61,-72.9,86.0,79,75,3.36
437,Paris,FR,2020-02-17 15:05:30,48.85,2.35,54.0,62,75,16.11
438,Talcahuano,CL,2020-02-17 15:09:07,-36.72,-73.12,64.4,68,40,5.82
439,Caxito,AO,2020-02-17 15:09:07,-8.58,13.66,84.2,79,75,5.82
440,Palmer,US,2020-02-17 15:09:08,42.16,-72.33,41.0,59,1,5.82
441,Salaya,IN,2020-02-17 15:09:08,22.32,69.6,77.34,50,0,14.52
442,La Libertad,EC,2020-02-17 15:09:08,-2.23,-80.9,82.4,74,99,4.7
443,Misratah,LY,2020-02-17 15:09:08,32.38,15.09,58.86,62,0,10.6
444,Yeppoon,AU,2020-02-17 15:09:09,-23.13,150.73,80.6,83,1,4.7
445,Rafaela,AR,2020-02-17 15:09:09,-31.25,-61.49,82.99,62,83,11.01
446,Vega De Alatorre,MX,2020-02-17 15:09:09,20.03,-96.63,73.83,69,0,6.44
447,Kavaratti,IN,2020-02-17 15:09:09,10.57,72.64,82.47,69,0,5.7
448,Srednekolymsk,RU,2020-02-17 15:09:10,67.45,153.68,-13.81,93,86,6.69
449,Constitucion,CL,2020-02-17 15:09:10,-35.33,-72.42,63.37,62,40,11.45
450,Qinhuangdao,CN,2020-02-17 15:09:10,39.93,119.59,24.75,51,0,0.63
451,Sitka,US,2020-02-17 15:09:10,57.05,-135.33,33.8,70,90,6.93
452,Torbay,CA,2020-02-17 15:05:14,47.67,-52.73,37.99,98,90,10.29
453,Goma,CD,2020-02-17 15:07:32,-1.68,29.22,66.96,88,84,0.22
454,Broome,US,2020-02-17 15:09:11,42.25,-75.83,32.0,86,75,6.93
455,Masterton,NZ,2020-02-17 15:09:11,-40.96,175.66,68.0,91,63,3.13
456,Aktau,KZ,2020-02-17 15:09:12,43.65,51.2,42.8,56,20,14.09
457,Khon Kaen,TH,2020-02-17 15:07:47,16.45,102.83,77.0,50,20,9.17
458,Vanavara,RU,2020-02-17 15:09:12,60.34,102.28,-1.17,99,44,1.86
459,Rio Grande,BR,2020-02-17 15:09:13,-32.03,-52.1,89.6,62,100,4.7
460,Igrim,RU,2020-02-17 15:09:13,63.19,64.42,16.74,90,39,14.03
461,Merauke,ID,2020-02-17 15:09:13,-8.47,140.33,79.27,87,6,5.84
462,Milkovo,RU,2020-02-17 15:09:13,54.72,158.62,-1.95,99,100,0.78
463,Sabang,ID,2020-02-17 15:09:13,5.89,95.32,82.71,73,100,13.58
464,Turukhansk,RU,2020-02-17 15:09:14,65.82,87.98,11.32,94,100,11.14
465,Tanout,NE,2020-02-17 15:08:03,14.97,8.89,85.15,11,100,16.02
466,Bisira,PA,2020-02-17 15:09:14,8.52,-81.71,71.65,79,90,15.03
467,Chateaudun,FR,2020-02-17 15:09:14,48.08,1.33,50.0,81,83,16.11
468,Plettenberg Bay,ZA,2020-02-17 15:09:14,-34.05,23.37,68.86,84,54,4.07
469,Amherst,US,2020-02-17 15:09:15,41.4,-82.22,35.01,84,1,9.17
470,Navalmoral De La Mata,ES,2020-02-17 15:09:15,39.89,-5.54,53.01,90,100,12.84
471,Iwanai,JP,2020-02-17 15:09:15,42.97,140.51,24.35,95,74,7.92
472,Port Keats,AU,2020-02-17 15:09:15,-14.25,129.55,84.94,73,80,4.56
473,Uige,AO,2020-02-17 15:09:16,-7.61,15.06,82.4,65,75,11.41
474,Suez,EG,2020-02-17 15:09:16,29.97,32.53,63.81,53,0,15.21
475,Umm Lajj,SA,2020-02-17 15:09:16,25.02,37.27,68.31,55,100,8.48
476,Almaznyy,RU,2020-02-17 15:09:16,48.04,40.05,39.2,85,76,8.95
477,Navahrudak,BY,2020-02-17 15:09:17,53.6,25.83,47.57,76,100,12.08
478,Broken Hill,AU,2020-02-17 15:09:17,-31.95,141.43,77.61,21,0,3.33
479,Nago,JP,2020-02-17 15:09:17,26.59,127.98,55.4,54,75,25.28
480,Three Hills,CA,2020-02-17 15:09:17,51.7,-113.27,9.0,84,90,14.99
481,Kuusamo,FI,2020-02-17 15:09:17,65.97,29.18,32.0,86,75,20.8
482,Athabasca,CA,2020-02-17 15:06:05,54.72,-113.29,-6.52,97,96,8.81
483,Tottori,JP,2020-02-17 15:09:18,35.5,134.23,31.73,83,81,20.0
484,Skerries,IE,2020-02-17 15:09:18,53.58,-6.11,45.0,64,40,19.46
485,Iquique,CL,2020-02-17 15:05:41,-20.22,-70.14,75.2,60,63,13.87
486,Cordoba,AR,2020-02-17 15:05:18,-31.41,-64.18,84.2,74,20,21.92
487,Half Moon Bay,US,2020-02-17 15:09:19,37.46,-122.43,50.0,100,1,3.36
488,Post Falls,US,2020-02-17 15:07:51,47.72,-116.95,30.2,92,90,3.4
489,Madrid,ES,2020-02-17 15:05:32,40.42,-3.7,60.01,77,75,2.24
490,Russkaya Polyana,UA,2020-02-17 15:05:40,49.42,31.92,43.57,56,90,13.67
491,Oga,IT,2020-02-17 15:09:20,46.46,10.35,46.99,69,20,20.8
492,Nova Esperanca,BR,2020-02-17 15:09:20,4.44,-61.12,85.96,46,26,6.85
493,Awbari,LY,2020-02-17 15:09:20,26.59,12.78,62.85,31,0,11.5
494,Kloulklubed,PW,2020-02-17 15:09:21,7.04,134.26,80.6,74,75,4.7
495,Trairi,BR,2020-02-17 15:04:50,-3.28,-39.27,82.89,77,74,6.15
496,Galle,LK,2020-02-17 15:09:21,6.04,80.22,82.13,75,38,4.56
497,Chernyshevskiy,RU,2020-02-17 15:09:21,63.01,112.47,-10.43,96,0,3.71
498,Lorengau,PG,2020-02-17 15:09:21,-2.02,147.27,84.24,78,34,12.73
499,Bugiri,UG,2020-02-17 15:09:22,0.57,33.74,79.66,61,15,9.89
500,Bulgan,MN,2020-02-17 15:09:22,48.81,103.53,7.07,82,88,2.48
501,Tulun,RU,2020-02-17 15:09:22,54.56,100.58,5.85,97,30,2.8
502,Puerto Colombia,CO,2020-02-17 15:07:06,10.99,-74.95,80.6,74,73,19.46
503,Ust-Kalmanka,RU,2020-02-17 15:09:23,52.12,83.31,21.76,97,100,2.71
504,Yumen,CN,2020-02-17 15:09:23,40.28,97.2,23.29,36,0,12.01
505,Yagodnoye,RU,2020-02-17 15:09:23,62.55,149.67,-21.51,78,35,2.8
506,Mecca,SA,2020-02-17 15:09:24,21.43,39.83,80.65,44,4,19.15
507,Taicheng,CN,2020-02-17 15:09:24,38.73,113.23,27.27,33,0,4.0
508,Diego De Almagro,CL,2020-02-17 15:09:24,-26.37,-70.05,81.23,26,0,10.13
509,Ormara,PK,2020-02-17 15:09:24,25.21,64.64,76.75,52,29,4.61
510,Oktyabrskiy,RU,2020-02-17 15:09:24,54.48,53.47,25.5,90,100,19.69
511,Yurino,RU,2020-02-17 15:09:25,56.29,46.3,33.8,80,75,22.37
512,Bagdarin,RU,2020-02-17 15:09:25,54.43,113.6,0.95,85,0,5.97
513,Port Antonio,JM,2020-02-17 15:09:25,18.18,-76.46,80.6,69,75,5.82
514,Kavieng,PG,2020-02-17 15:09:26,-2.57,150.8,83.61,79,100,12.33
515,Port Moresby,PG,2020-02-17 15:09:07,-9.44,147.18,77.0,94,20,8.05
516,Pacifica,US,2020-02-17 15:06:49,37.61,-122.49,50.0,100,1,3.36
517,Pimentel,PE,2020-02-17 15:09:26,-6.84,-79.93,66.2,29,0,6.93
518,Kaniama,CD,2020-02-17 15:09:27,-7.57,24.18,72.75,91,100,3.74
519,Singleton,AU,2020-02-17 15:09:27,-32.57,151.18,70.0,100,76,1.25
520,Bundaberg,AU,2020-02-17 15:09:27,-24.85,152.35,78.01,94,1,6.93
521,East Hemet,US,2020-02-17 15:09:27,33.74,-116.94,53.01,80,1,2.19
522,Luwingu,ZM,2020-02-17 15:09:27,-10.26,29.93,78.89,70,31,1.66
523,Atbasar,KZ,2020-02-17 15:09:28,51.8,68.33,8.98,96,97,7.76
524,Hami,CN,2020-02-17 15:09:28,42.8,93.45,20.95,42,76,2.44
525,Alampur,IN,2020-02-17 15:08:37,15.88,78.15,80.24,35,0,8.75
526,Balaipungut,ID,2020-02-17 15:09:28,1.05,101.28,78.8,88,20,1.88
527,Sungairaya,ID,2020-02-17 15:09:28,0.7,108.9,72.64,96,100,3.42
528,Durban,ZA,2020-02-17 15:06:27,-29.86,31.03,80.6,78,75,19.46
529,Tallahassee,US,2020-02-17 15:05:00,30.44,-84.28,60.01,100,90,5.82
530,Namtsy,RU,2020-02-17 15:09:29,62.72,129.67,-23.8,74,96,2.24
531,Catuday,PH,2020-02-17 15:09:29,16.29,119.81,80.26,76,33,17.54
532,Angoche,MZ,2020-02-17 15:09:30,-16.23,39.91,82.0,86,95,5.77
533,Beringovskiy,RU,2020-02-17 15:09:30,63.05,179.32,-5.89,94,100,23.51
534,Bosaso,SO,2020-02-17 15:09:30,11.28,49.18,78.8,69,0,17.22
535,Sechura,PE,2020-02-17 15:09:30,-5.56,-80.82,74.3,82,0,6.67
536,Ghanzi,BW,2020-02-17 15:09:30,-21.57,21.78,85.64,49,78,11.39
537,Aleksandrovskiy Zavod,RU,2020-02-17 15:09:31,50.92,117.94,3.02,96,0,3.56
538,Salihorsk,BY,2020-02-17 15:06:40,52.79,27.54,45.82,74,100,11.39
539,Jiexiu,CN,2020-02-17 15:08:14,37.02,111.91,29.61,34,0,7.43
540,Warmbad,NA,2020-02-17 15:09:31,-28.45,18.73,89.65,19,0,5.44
541,Waipawa,NZ,2020-02-17 15:09:32,-41.41,175.52,68.0,94,0,18.34
542,Chase,CA,2020-02-17 15:09:32,50.82,-119.69,26.6,79,75,8.05
543,Saint-Joseph,RE,2020-02-17 15:09:32,-21.37,55.62,80.6,74,75,18.34
544,Puerto Baquerizo Moreno,EC,2020-02-17 15:09:32,-0.9,-89.6,80.6,83,20,16.11
545,Mikun,RU,2020-02-17 15:09:32,62.35,50.08,33.12,97,100,16.75
546,Hirara,JP,2020-02-17 15:09:33,24.8,125.28,55.63,73,36,28.83
547,Zhigalovo,RU,2020-02-17 15:09:33,54.81,105.16,5.09,98,83,1.05
